Rk.,Column1,Player,Pitches,Total,Pitch %,xBA,BA - xBA,2
1,,"LeMahieu, DJ",1154,10819,10.7,0.243,0.011,Graphs
2,,"Hosmer, Eric",1119,10472,10.7,0.215,0.031,Graphs
3,,"Segura, Jean",1093,9630,11.3,0.232,0.06,Graphs
4,,"Hernández, César",1001,11458,8.7,0.245,0.046,Graphs
5,,"Simmons, Andrelton",980,7755,12.6,0.222,0.051,Graphs
6,,"Altuve, Jose",972,9676,10,0.237,0.059,Graphs
7,,"Turner, Trea",946,10375,9.1,0.285,0.048,Graphs
8,,"Andrus, Elvis",942,9167,10.3,0.223,0.037,Graphs
9,,"Anderson, Tim",935,8878,10.5,0.256,0.032,Graphs
10,,"Merrifield, Whit",917,11479,8,0.254,0.026,Graphs
11,,"Abreu, José",915,11036,8.3,0.242,0.024,Graphs
12,,"Lindor, Francisco",912,11287,8.1,0.251,-0.005,Graphs
13,,"Marte, Starling",911,8625,10.6,0.254,0.048,Graphs
14,,"Peralta, David",910,8862,10.3,0.232,0.041,Graphs
15,,"Bell, Josh",907,10398,8.7,0.249,-0.017,Graphs
16,,"Gurriel, Yuli",900,9007,10,0.242,0.054,Graphs
17,,"Blackmon, Charlie",899,11021,8.2,0.258,-0.005,Graphs
18,,"Santana, Carlos",898,12071,7.4,0.232,-0.025,Graphs
19,,"Machado, Manny",889,10669,8.3,0.251,0.021,Graphs
20,,"Brantley, Michael",882,8582,10.3,0.246,0.007,Graphs
21,,"Yelich, Christian",880,10812,8.1,0.281,-0.001,Graphs
22,,"Mancini, Trey",870,9986,8.7,0.228,0.023,Graphs
23,,"Bogaerts, Xander",857,11242,7.6,0.245,0.029,Graphs
24,,"Strange-Gordon, Dee",844,6130,13.8,0.222,0.056,Graphs
25,,"Iglesias, José",838,7873,10.6,0.213,0.023,Graphs
26,,"Villar, Jonathan",830,9558,8.7,0.229,0.054,Graphs
27,,"Castro, Starlin",830,8295,10,0.24,0.047,Graphs
28,,"Schoop, Jonathan",818,9204,8.9,0.232,0.018,Graphs
29,,"Rizzo, Anthony",813,10852,7.5,0.235,-0.044,Graphs
30,,"Cain, Lorenzo",811,8682,9.3,0.261,0.015,Graphs
31,,"Pham, Tommy",810,9843,8.2,0.253,0.009,Graphs
32,,"Rosario, Amed",804,7859,10.2,0.25,0.023,Graphs
33,,"Frazier, Adam",800,8658,9.2,0.233,-0.003,Graphs
34,,"Báez, Javier",790,9066,8.7,0.246,0.044,Graphs
35,,"Franco, Maikel",789,7900,10,0.197,0.002,Graphs
36,,"Gardner, Brett",783,10601,7.4,0.252,0.013,Graphs
37,,"Crawford, Brandon",775,9437,8.2,0.21,0.022,Graphs
38,,"Arenado, Nolan",773,10737,7.2,0.234,0.037,Graphs
39,,"Pillar, Kevin",768,8451,9.1,0.254,0.002,Graphs
40,,"Rojas, Miguel",766,7481,10.2,0.215,0.039,Graphs
41,,"Freeman, Freddie",760,11051,6.9,0.264,-0.042,Graphs
42,,"Realmuto, J.T.",750,9383,8,0.272,0.031,Graphs
43,,"Castellanos, Nick",749,10589,7.1,0.266,-0.011,Graphs
44,,"Goldschmidt, Paul",747,12284,6.1,0.264,0.031,Graphs
45,,"Ramírez, José",744,11572,6.4,0.271,-0.026,Graphs
46,,"Devers, Rafael",743,8838,8.4,0.251,0.016,Graphs
47,,"Semien, Marcus",742,11345,6.5,0.263,0.002,Graphs
48,,"Pujols, Albert",741,8123,9.1,0.204,-0.015,Graphs
49,,"García, Avisaíl",740,7783,9.5,0.266,0.027,Graphs
50,,"Wong, Kolten",739,7692,9.6,0.223,0.052,Graphs
51,,"Rosario, Eddie",738,8659,8.5,0.232,0.005,Graphs
52,,"Heyward, Jason",737,7913,9.3,0.228,-0.006,Graphs
53,,"Marte, Ketel",736,7632,9.6,0.245,0.027,Graphs
54,,"Betts, Mookie",731,11457,6.4,0.281,0.005,Graphs
55,,"Benintendi, Andrew",730,9823,7.4,0.271,-0.015,Graphs
56,,"Galvis, Freddy",729,9666,7.5,0.232,0.021,Graphs
57,,"Fletcher, David",727,6928,10.5,0.219,0.044,Graphs
58,,"Ozuna, Marcell",719,8974,8,0.272,0.005,Graphs
59,,"Cruz, Nelson",717,9915,7.2,0.248,0.024,Graphs
60,,"Springer, George",717,9499,7.5,0.243,0.021,Graphs
61,,"Swanson, Dansby",713,10194,7,0.266,-0.018,Graphs
62,,"Bradley Jr., Jackie",712,8929,8,0.241,-0.017,Graphs
63,,"Margot, Manuel",710,7971,8.9,0.247,0.04,Graphs
64,,"Markakis, Nick",703,7937,8.9,0.246,-0.013,Graphs
65,,"Molina, Yadier",700,7810,9,0.217,0.006,Graphs
66,,"Garcia, Leury",698,6114,11.4,0.236,0.041,Graphs
67,,"Martinez, J.D.",697,10201,6.8,0.268,0.005,Graphs
68,,"Ahmed, Nick",697,7715,9,0.225,-0.011,Graphs
69,,"Panik, Joe",689,7095,9.7,0.206,0.011,Graphs
70,,"Longoria, Evan",688,8391,8.2,0.244,0.006,Graphs
71,,"Bregman, Alex",684,10367,6.6,0.245,0.013,Graphs
72,,"Contreras, Willson",684,8133,8.4,0.231,0.033,Graphs
73,,"Albies, Ozzie",682,8844,7.7,0.273,-0.013,Graphs
74,,"Inciarte, Ender",678,6746,10.1,0.225,0.031,Graphs
75,,"Cabrera, Asdrúbal",673,8598,7.8,0.239,-0.002,Graphs
76,,"Arcia, Orlando",671,6446,10.4,0.212,0.043,Graphs
77,,"Kepler, Max",667,9285,7.2,0.254,-0.053,Graphs
78,,"Mazara, Nomar",666,7931,8.4,0.234,0.011,Graphs
79,,"Posey, Buster",664,7274,9.1,0.218,0.013,Graphs
80,,"Harper, Bryce",663,11005,6,0.276,0,Graphs
81,,"Votto, Joey",663,10850,6.1,0.233,-0.029,Graphs
82,,"Choo, Shin-Soo",661,8545,7.7,0.237,0.014,Graphs
83,,"Polanco, Jorge",658,9629,6.8,0.241,0.026,Graphs
84,,"McCutchen, Andrew",652,9957,6.5,0.269,-0.045,Graphs
85,,"Kiermaier, Kevin",651,6954,9.4,0.235,0.032,Graphs
86,,"Escobar, Eduardo",651,10376,6.3,0.249,-0.007,Graphs
87,,"Kiner-Falefa, Isiah",647,5542,11.7,0.23,0.029,Graphs
88,,"Gregorius, Didi",645,8011,8.1,0.248,-0.002,Graphs
89,,"Dickerson, Corey",641,8003,8,0.231,0.059,Graphs
90,,"Ramos, Wilson",640,5003,12.8,0.202,0.028,Graphs
91,,"Correa, Carlos",640,8603,7.4,0.264,0.006,Graphs
92,,"Soto, Juan",637,8247,7.7,0.247,0.023,Graphs
93,,"Gonzalez, Marwin",631,8117,7.8,0.218,0.002,Graphs
94,,"Seager, Kyle",629,10392,6.1,0.253,-0.056,Graphs
95,,"Calhoun, Kole",628,8693,7.2,0.242,-0.067,Graphs
96,,"Cabrera, Miguel",627,7624,8.2,0.232,0.017,Graphs
97,,"Suárez, Eugenio",621,11234,5.5,0.254,-0.035,Graphs
98,,"Canó, Robinson",620,5657,11,0.221,0.008,Graphs
99,,"Peraza, José",615,6437,9.6,0.248,0.009,Graphs
100,,"Conforto, Michael",614,9983,6.2,0.24,-0.03,Graphs
101,,"Grichuk, Randal",609,8764,6.9,0.255,-0.002,Graphs
102,,"Jones, Adam",609,6374,9.6,0.238,0.017,Graphs
103,,"Odor, Rougned",606,8671,7,0.257,-0.024,Graphs
104,,"Gordon, Alex",605,7448,8.1,0.21,-0.024,Graphs
105,,"Herrera, Odúbel",604,6971,8.7,0.217,0.052,Graphs
106,,"Story, Trevor",598,10961,5.5,0.281,0.025,Graphs
107,,"Sanchez, Yolmer",598,6976,8.6,0.235,0.031,Graphs
108,,"Tapia, Raimel",597,5115,11.7,0.218,0.043,Graphs
109,,"Bryant, Kris",586,9712,6,0.248,0.005,Graphs
110,,"Stanton, Giancarlo",584,8834,6.6,0.254,0.023,Graphs
111,,"Vázquez, Christian",582,7110,8.2,0.204,0.013,Graphs
112,,"Pollock, AJ",581,6920,8.4,0.241,0.011,Graphs
113,,"Bellinger, Cody",581,9934,5.8,0.281,-0.005,Graphs
114,,"Moustakas, Mike",579,8305,7,0.223,0.021,Graphs
115,,"Anderson, Brian",578,6866,8.4,0.244,0.028,Graphs
116,,"Taylor, Chris",577,9708,5.9,0.259,0.038,Graphs
117,,"Haniger, Mitch",577,8312,6.9,0.259,-0.002,Graphs
118,,"Profar, Jurickson",576,7251,7.9,0.217,-0.009,Graphs
119,,"Desmond, Ian",573,5525,10.4,0.23,0.021,Graphs
120,,"Seager, Corey",573,6785,8.4,0.247,-0.006,Graphs
121,,"Reddick, Josh",566,7357,7.7,0.249,0.016,Graphs
122,,"Barnhart, Tucker",566,6873,8.2,0.214,0.003,Graphs
123,,"Rendon, Anthony",564,9460,6,0.273,0.007,Graphs
124,,"Moncada, Yoán",563,9446,6,0.268,0.048,Graphs
125,,"Grossman, Robbie",563,9194,6.1,0.243,-0.026,Graphs
126,,"Myers, Wil",562,8981,6.3,0.254,0.026,Graphs
127,,"Turner, Justin",560,9060,6.2,0.269,0.014,Graphs
128,,"Schwarber, Kyle",558,9729,5.7,0.253,-0.014,Graphs
129,,"Olson, Matt",556,9822,5.7,0.263,-0.053,Graphs
130,,"Chapman, Matt",550,10021,5.5,0.269,0.007,Graphs
131,,"Piscotty, Stephen",547,6540,8.4,0.24,-0.014,Graphs
132,,"Newman, Kevin",547,4799,11.4,0.216,0.022,Graphs
133,,"Grandal, Yasmani",546,9400,5.8,0.207,0.014,Graphs
134,,"Pederson, Joc",544,7721,7,0.246,-0.029,Graphs
135,,"Moreland, Mitch",543,6928,7.8,0.217,-0.044,Graphs
136,,"Donaldson, Josh",543,8298,6.5,0.241,-0.011,Graphs
137,,"Escobar, Alcides",541,5544,9.8,0.217,-0.013,Graphs
138,,"Eaton, Adam",539,6415,8.4,0.248,0.056,Graphs
139,,"Lopez, Nicky",539,4394,12.3,0.214,0.055,Graphs
140,,"Cabrera, Melky",532,4795,11.1,0.218,-0.006,Graphs
141,,"Braun, Ryan",531,5502,9.7,0.22,0.008,Graphs
142,,"Cron, C.J.",530,7919,6.7,0.242,-0.017,Graphs
143,,"McCann, James",530,7338,7.2,0.255,0.006,Graphs
144,,"Hernández, Enrique",527,7938,6.6,0.247,0,Graphs
145,,"Maldonado, Martín",527,7208,7.3,0.19,-0.001,Graphs
146,,"Smith, Mallex",524,5559,9.4,0.221,0.062,Graphs
147,,"Candelario, Jeimer",524,8212,6.4,0.237,-0.008,Graphs
148,,"Renfroe, Hunter",523,8355,6.3,0.242,-0.034,Graphs
149,,"Wendle, Joey",523,5582,9.4,0.24,0.042,Graphs
150,,"Judge, Aaron",522,10168,5.1,0.302,-0.034,Graphs
151,,"Jay, Jon",519,4935,10.5,0.214,0.033,Graphs
152,,"Guerrero Jr., Vladimir",515,5402,9.5,0.227,0.047,Graphs
153,,"Díaz, Yandy",511,5103,10,0.237,0.037,Graphs
154,,"Moran, Colin",510,5763,8.8,0.221,0.018,Graphs
155,,"Verdugo, Alex",509,5185,9.8,0.237,0.021,Graphs
156,,"Núñez, Eduardo",509,4022,12.7,0.233,0.067,Graphs
157,,"Harrison, Josh",506,6157,8.2,0.225,0.012,Graphs
158,,"Hamilton, Billy",506,6704,7.5,0.225,0.037,Graphs
159,,"Puig, Yasiel",502,6093,8.2,0.243,0.036,Graphs
160,,"Flores, Wilmer",502,6795,7.4,0.217,0.028,Graphs
161,,"McNeil, Jeff",500,5223,9.6,0.246,0.056,Graphs
162,,"Almora Jr., Albert",498,4381,11.4,0.231,0.027,Graphs
163,,"DeJong, Paul",493,8509,5.8,0.243,-0.004,Graphs
164,,"Dyson, Jarrod",493,4788,10.3,0.217,0.026,Graphs
165,,"Davis, Khris",490,8020,6.1,0.235,-0.019,Graphs
166,,"Winker, Jesse",490,5957,8.2,0.238,-0.017,Graphs
167,,"Upton, Justin",489,8553,5.7,0.256,-0.015,Graphs
168,,"Aguilar, Jesús",486,8217,5.9,0.233,-0.005,Graphs
169,,"Canha, Mark",485,8368,5.8,0.243,-0.004,Graphs
170,,"Perez, Salvador",484,6618,7.3,0.255,-0.028,Graphs
171,,"Crawford, J.P.",483,6453,7.5,0.217,0.026,Graphs
172,,"DeShields, Delino",479,5749,8.3,0.238,0.107,Graphs
173,,"Lucroy, Jonathan",478,5062,9.4,0.204,0.019,Graphs
174,,"Dozier, Brian",475,7565,6.3,0.251,-0.007,Graphs
175,,"Gamel, Ben",475,7006,6.8,0.236,0.025,Graphs
176,,"Sanchez, Gary",469,8060,5.8,0.229,-0.058,Graphs
177,,"Díaz, Aledmys",468,4804,9.7,0.226,0.01,Graphs
178,,"Shaw, Travis",465,7720,6,0.246,-0.027,Graphs
179,,"Torres, Gleyber",463,7093,6.5,0.253,0.013,Graphs
180,,"Adames, Willy",460,6714,6.9,0.247,0.053,Graphs
181,,"Zobrist, Ben",460,4667,9.9,0.232,0.022,Graphs
182,,"Zimmerman, Ryan",459,5382,8.5,0.239,0.027,Graphs
183,,"Taylor, Michael A.",459,6039,7.6,0.258,0.05,Graphs
184,,"Martínez, José",457,5561,8.2,0.236,0.002,Graphs
185,,"Soler, Jorge",453,7380,6.1,0.253,-0.03,Graphs
186,,"Edman, Tommy",451,4863,9.3,0.263,0,Graphs
187,,"Parra, Gerardo",450,4613,9.8,0.215,0.014,Graphs
188,,"Mercer, Jordy",450,5583,8.1,0.228,0.01,Graphs
189,,"Murphy, Daniel",449,5757,7.8,0.239,0.008,Graphs
190,,"Hernández, Teoscar",446,7591,5.9,0.276,0.024,Graphs
191,,"Happ, Ian",445,7360,6,0.25,-0.005,Graphs
192,,"Mauer, Joe",443,4858,9.1,0.244,-0.002,Graphs
193,,"Reyes, Franmil",443,6249,7.1,0.238,0.022,Graphs
194,,"Smoak, Justin",442,7641,5.8,0.222,-0.073,Graphs
195,,"Pence, Hunter",438,4543,9.6,0.253,0.035,Graphs
196,,"Morales, Kendrys",438,5073,8.6,0.244,-0.059,Graphs
197,,"McMahon, Ryan",438,6366,6.9,0.228,0.001,Graphs
198,,"Narváez, Omar",438,6669,6.6,0.209,0.013,Graphs
199,,"Lowrie, Jed",438,7391,5.9,0.25,0.003,Graphs
200,,"Encarnación, Edwin",436,8105,5.4,0.224,-0.024,Graphs
201,,"Muncy, Max",436,8181,5.3,0.245,-0.064,Graphs
202,,"Kipnis, Jason",435,6459,6.7,0.232,-0.002,Graphs
203,,"Heredia, Guillermo",434,5252,8.3,0.222,0.004,Graphs
204,,"Gurriel Jr., Lourdes",432,5173,8.4,0.25,0.032,Graphs
205,,"Maybin, Cameron",431,4999,8.6,0.243,0.024,Graphs
206,,"Díaz, Elias",431,4801,9,0.218,-0.006,Graphs
207,,"Urshela, Gio",430,4895,8.8,0.23,0.038,Graphs
208,,"Nimmo, Brandon",428,6820,6.3,0.27,0.001,Graphs
209,,"Ohtani, Shohei",427,6471,6.6,0.279,-0.021,Graphs
210,,"Polanco, Gregory",426,6742,6.3,0.257,-0.013,Graphs
211,,"Alfaro, Jorge",425,4895,8.7,0.266,0.042,Graphs
212,,"Gomes, Yan",422,6350,6.6,0.241,-0.011,Graphs
213,,"Alberto, Hanser",420,3459,12.1,0.228,0.062,Graphs
214,,"Healy, Ryon",419,4924,8.5,0.24,0.023,Graphs
215,,"Difo, Wilmer",419,4716,8.9,0.223,0.023,Graphs
216,,"Hicks, Aaron",418,6470,6.5,0.243,-0.021,Graphs
217,,"Holt, Brock",418,4896,8.5,0.237,0.002,Graphs
218,,"Beckham, Tim",412,5212,7.9,0.244,0.049,Graphs
219,,"Dozier, Hunter",411,6578,6.2,0.249,-0.008,Graphs
220,,"Acuña Jr., Ronald",410,7358,5.6,0.277,0.016,Graphs
221,,"Reynolds, Bryan",410,5524,7.4,0.268,-0.009,Graphs
222,,"Duffy, Matt",405,4066,10,0.239,0.046,Graphs
223,,"Frazier, Todd",405,7369,5.5,0.22,-0.013,Graphs
224,,"La Stella, Tommy",404,4541,8.9,0.229,-0.038,Graphs
225,,"González, Carlos",403,4461,9,0.226,0.042,Graphs
226,,"Carpenter, Matt",402,9642,4.2,0.287,-0.069,Graphs
227,,"Kinsler, Ian",401,5585,7.2,0.228,-0.019,Graphs
228,,"Alonso, Pete",400,5989,6.7,0.231,0.002,Graphs
229,,"Hoskins, Rhys",398,9783,4.1,0.243,-0.039,Graphs
230,,"Sanó, Miguel",397,8212,4.8,0.27,0.002,Graphs
231,,"Pinder, Chad",396,4832,8.2,0.243,0.009,Graphs
232,,"Duvall, Adam",394,7618,5.2,0.261,-0.03,Graphs
233,,"Fowler, Dexter",393,6292,6.2,0.229,-0.043,Graphs
234,,"Suzuki, Kurt",393,4885,8,0.217,-0.007,Graphs
235,,"Trout, Mike",390,8812,4.4,0.294,0.003,Graphs
236,,"Belt, Brandon",388,8480,4.6,0.268,-0.062,Graphs
237,,"Gennett, Scooter",388,4877,8,0.228,0.053,Graphs
238,,"Camargo, Johan",388,4544,8.5,0.221,0.005,Graphs
239,,"Bader, Harrison",388,5981,6.5,0.254,0.06,Graphs
240,,"Santana, Domingo",383,5863,6.5,0.262,0.015,Graphs
241,,"Pérez, Hernán",378,3867,9.8,0.241,0.018,Graphs
242,,"Solarte, Yangervis",378,3857,9.8,0.196,-0.02,Graphs
243,,"Goodrum, Niko",375,6123,6.1,0.254,-0.009,Graphs
244,,"Naquin, Tyler",374,4241,8.8,0.261,0.002,Graphs
245,,"Alonso, Yonder",373,5649,6.6,0.242,-0.03,Graphs
246,,"Kendrick, Howie",373,3648,10.2,0.236,0.07,Graphs
247,,"Drury, Brandon",371,4474,8.3,0.218,-0.024,Graphs
248,,"Brinson, Lewis",365,4283,8.5,0.254,-0.022,Graphs
249,,"Pérez, Roberto",365,5060,7.2,0.208,-0.014,Graphs
250,,"Caratini, Victor",364,4029,9,0.202,0.008,Graphs
251,,"Walker, Christian",361,5439,6.6,0.257,0.006,Graphs
252,,"Mondesi, Adalberto",361,4285,8.4,0.287,0.045,Graphs
253,,"Hedges, Austin",361,5727,6.3,0.218,-0.016,Graphs
254,,"Forsythe, Logan",359,5436,6.6,0.261,-0.002,Graphs
255,,"Wolters, Tony",359,3926,9.1,0.198,0.004,Graphs
256,,"Engel, Adam",359,4872,7.4,0.246,0.075,Graphs
257,,"d'Arnaud, Travis",358,4475,8,0.242,-0.03,Graphs
258,,"Smith, Kevan",358,3086,11.6,0.204,0.015,Graphs
259,,"Miller, Brad",357,5513,6.5,0.271,0.004,Graphs
260,,"Bichette, Bo",356,3970,9,0.262,0.036,Graphs
261,,"Lamb, Jake",356,5587,6.4,0.241,-0.044,Graphs
262,,"Mullins, Cedric",354,4255,8.3,0.263,0.056,Graphs
263,,"Span, Denard",349,3967,8.8,0.242,-0.021,Graphs
264,,"Dietrich, Derek",348,5500,6.3,0.241,-0.017,Graphs
265,,"Arraez, Luis",347,3973,8.7,0.249,0.033,Graphs
266,,"Robles, Victor",347,4780,7.3,0.237,0.002,Graphs
267,,"Ramírez, Harold",346,3048,11.4,0.246,0.031,Graphs
268,,"Kemp, Matt",346,4287,8.1,0.237,-0.009,Graphs
269,,"Kemp, Tony",346,4129,8.4,0.23,0.001,Graphs
270,,"Freese, David",345,4095,8.4,0.255,0.017,Graphs
271,,"Reyes, Victor",343,3709,9.2,0.251,0.025,Graphs
272,,"Walker, Neil",342,4967,6.9,0.229,-0.018,Graphs
273,,"Schebler, Scott",341,3956,8.6,0.249,-0.023,Graphs
274,,"Gallo, Joey",340,9466,3.6,0.291,-0.076,Graphs
275,,"González, Erik",340,2963,11.5,0.233,0.042,Graphs
276,,"Meadows, Austin",338,6292,5.4,0.26,-0.003,Graphs
277,,"Smith, Dominic",338,4690,7.2,0.24,-0.027,Graphs
278,,"Torreyes, Ronald",338,2672,12.6,0.221,0.056,Graphs
279,,"Sandoval, Pablo",336,4024,8.3,0.215,-0.005,Graphs
280,,"Buxton, Byron",331,4745,7,0.271,0.042,Graphs
281,,"Lagares, Juan",331,3575,9.3,0.236,0.027,Graphs
282,,"Bote, David",330,4086,8.1,0.254,-0.032,Graphs
283,,"Sogard, Eric",330,4619,7.1,0.209,0.009,Graphs
284,,"Laureano, Ramón",330,5077,6.5,0.242,0.032,Graphs
285,,"Davis, J.D.",328,4306,7.6,0.243,0.013,Graphs
286,,"Hechavarria, Adeiny",326,3322,9.8,0.242,0.013,Graphs
287,,"Severino, Pedro",325,4766,6.8,0.217,-0.006,Graphs
288,,"Andújar, Miguel",325,3213,10.1,0.243,0.009,Graphs
289,,"Solak, Nick",323,3499,9.2,0.258,0.022,Graphs
290,,"Bruce, Jay",323,5663,5.7,0.258,-0.091,Graphs
291,,"Tatis Jr., Fernando",322,4528,7.1,0.265,0.055,Graphs
292,,"Russell, Addison",321,4269,7.5,0.222,0.038,Graphs
293,,"Martinez, Victor",321,3564,9,0.227,-0.025,Graphs
294,,"Garcia, Greg",320,3888,8.2,0.218,0.034,Graphs
295,,"Slater, Austin",320,3811,8.4,0.235,0.013,Graphs
296,,"Adrianza, Ehire",319,4243,7.5,0.22,0.021,Graphs
297,,"Jiménez, Eloy",319,3462,9.2,0.228,0.01,Graphs
298,,"Romine, Austin",319,3556,9,0.226,0.037,Graphs
299,,"France, Ty",319,3809,8.4,0.227,0.083,Graphs
300,,"Voit, Luke",315,5037,6.3,0.237,-0.012,Graphs
301,,"Barnes, Austin",312,4310,7.2,0.219,0.041,Graphs
302,,"Pirela, José",311,3213,9.7,0.252,0.045,Graphs
303,,"Bour, Justin",310,4546,6.8,0.184,0.006,Graphs
304,,"Ruiz, Rio",309,3667,8.4,0.216,-0.03,Graphs
305,,"Goodwin, Brian",307,5768,5.3,0.25,-0.016,Graphs
306,,"Joyce, Matt",307,5138,6,0.217,-0.027,Graphs
307,,"Urías, Luis",307,3998,7.7,0.232,0.003,Graphs
308,,"Jones, JaCoby",306,4525,6.8,0.248,-0.001,Graphs
309,,"Hampson, Garrett",306,4205,7.3,0.256,0.043,Graphs
310,,"Gyorko, Jedd",305,4471,6.8,0.201,0.035,Graphs
311,,"Riddle, JT",302,2885,10.5,0.226,-0.027,Graphs
312,,"Spangenberg, Cory",301,3484,8.6,0.262,0.02,Graphs
313,,"Santander, Anthony",300,4612,6.5,0.272,-0.027,Graphs
314,,"Choi, Ji-Man",299,4891,6.1,0.222,0.032,Graphs
315,,"Davis, Chris",299,6046,4.9,0.235,-0.074,Graphs
316,,"Zunino, Mike",298,6587,4.5,0.245,-0.027,Graphs
317,,"Trumbo, Mark",296,3851,7.7,0.241,-0.001,Graphs
318,,"Martin, Russell",294,4032,7.3,0.217,-0.009,Graphs
319,,"Piña, Manny",292,4468,6.5,0.219,-0.019,Graphs
320,,"Thames, Eric",292,5921,4.9,0.261,-0.008,Graphs
321,,"Hernández, Gorkys",289,3426,8.4,0.255,-0.004,Graphs
322,,"Cooper, Garrett",288,3611,8,0.24,0.017,Graphs
323,,"Owings, Chris",287,3612,7.9,0.243,-0.004,Graphs
324,,"Dahl, David",287,3803,7.5,0.26,-0.031,Graphs
325,,"Peterson, Jace",284,3994,7.1,0.246,-0.023,Graphs
326,,"Chirinos, Robinson",281,5572,5,0.222,0.023,Graphs
327,,"Leon, Sandy",281,4430,6.3,0.191,0.011,Graphs
328,,"Robertson, Daniel",280,3913,7.2,0.201,0.026,Graphs
329,,"Lowe, Nathaniel",278,3686,7.5,0.231,0.039,Graphs
330,,"McCann, Brian",277,3700,7.5,0.214,-0.023,Graphs
331,,"Castro, Harold",276,2732,10.1,0.251,0.027,Graphs
332,,"Bauers, Jake",275,4579,6,0.235,-0.012,Graphs
333,,"Adams, Matt",275,4349,6.3,0.235,-0.017,Graphs
334,,"Lowe, Brandon",274,5113,5.4,0.258,-0.013,Graphs
335,,"Williams, Nick",273,3422,8,0.268,-0.026,Graphs
336,,"Cronenworth, Jake",272,3189,8.5,0.255,-0.058,Graphs
337,,"Wieters, Matt",272,3787,7.2,0.196,0.004,Graphs
338,,"Calhoun, Willie",271,3238,8.4,0.231,0.027,Graphs
339,,"Goins, Ryan",270,2862,9.4,0.214,0.037,Graphs
340,,"Riley, Austin",269,4487,6,0.262,0.035,Graphs
341,,"Granderson, Curtis",268,5705,4.7,0.252,-0.072,Graphs
342,,"Jankowski, Travis",267,2676,10,0.23,0.077,Graphs
343,,"Flowers, Tyler",267,4215,6.3,0.241,0.059,Graphs
344,,"Yastrzemski, Mike",267,4675,5.7,0.242,-0.038,Graphs
345,,"Cervelli, Francisco",266,3728,7.1,0.216,0.012,Graphs
346,,"Tellez, Rowdy",265,3578,7.4,0.233,-0.033,Graphs
347,,"Núñez, Renato",264,4675,5.6,0.238,0.012,Graphs
348,,"Hays, Austin",264,3009,8.8,0.226,0.054,Graphs
349,,"Phillips, Brandon",264,2220,11.9,0.202,0.004,Graphs
350,,"Kingery, Scott",263,4480,5.9,0.246,0.011,Graphs
351,,"Santana, Danny",262,3468,7.6,0.252,-0.045,Graphs
352,,"Plawecki, Kevin",262,3143,8.3,0.21,0.04,Graphs
353,,"Beltré, Adrián",262,3484,7.5,0.218,0.034,Graphs
354,,"Stallings, Jacob",262,3289,8,0.213,0.046,Graphs
355,,"Osuna, José",259,2613,9.9,0.224,-0.027,Graphs
356,,"Farmer, Kyle",257,3433,7.5,0.253,0.009,Graphs
357,,"Marisnick, Jake",256,4072,6.3,0.241,0.045,Graphs
358,,"O'Hearn, Ryan",256,3745,6.8,0.261,-0.034,Graphs
359,,"Mercado, Oscar",256,3007,8.5,0.249,-0.01,Graphs
360,,"Valencia, Danny",255,3066,8.3,0.228,0.003,Graphs
361,,"Grisham, Trent",255,3971,6.4,0.249,-0.032,Graphs
362,,"Garver, Mitch",255,4511,5.7,0.231,0.049,Graphs
363,,"Berti, Jon",254,2942,8.6,0.248,-0.013,Graphs
364,,"Kelly, Carson",253,3991,6.3,0.213,-0.029,Graphs
365,,"Reyes, José",252,3041,8.3,0.217,-0.01,Graphs
366,,"Straw, Myles",252,3612,7,0.251,0.065,Graphs
367,,"Vogelbach, Daniel",251,4897,5.1,0.214,-0.067,Graphs
368,,"Walsh, Jared",249,3017,8.3,0.249,0.02,Graphs
369,,"Culberson, Charlie",249,2827,8.8,0.236,0.047,Graphs
370,,"Tucker, Kyle",248,3579,6.9,0.281,-0.063,Graphs
371,,"Hicks, John",247,3260,7.6,0.218,0.03,Graphs
372,,"Ramirez, Hanley",247,3061,8.1,0.223,-0.008,Graphs
373,,"Zimmer, Bradley",245,3353,7.3,0.282,0.012,Graphs
374,,"Naylor, Josh",243,2408,10.1,0.222,0.008,Graphs
375,,"Rojas, Josh",242,3260,7.4,0.245,0,Graphs
376,,"Rengifo, Luis",241,2848,8.5,0.217,-0.008,Graphs
377,,"Bautista, José",240,4705,5.1,0.242,-0.025,Graphs
378,,"Cave, Jake",240,3391,7.1,0.252,-0.041,Graphs
379,,"Prado, Martín",238,2454,9.7,0.211,0.012,Graphs
380,,"Cozart, Zack",238,3507,6.8,0.209,0.014,Graphs
381,,"Alvarez, Yordan",237,3926,6,0.251,-0.04,Graphs
382,,"Reynolds, Mark",235,4097,5.7,0.213,0.03,Graphs
383,,"Stassi, Max",234,3272,7.2,0.207,-0.019,Graphs
384,,"Castro, Jason",233,4300,5.4,0.255,-0.032,Graphs
385,,"Souza Jr., Steven",230,3901,5.9,0.254,-0.017,Graphs
386,,"Descalso, Daniel",230,4127,5.6,0.23,0.015,Graphs
387,,"Allen, Greg",228,2554,8.9,0.247,0.035,Graphs
388,,"Solano, Donovan",225,2966,7.6,0.245,0.068,Graphs
389,,"Morrison, Logan",225,4097,5.5,0.233,-0.095,Graphs
390,,"Castillo, Welington",223,3179,7,0.244,0.007,Graphs
391,,"Sierra, Magneuris",221,1995,11.1,0.243,0.087,Graphs
392,,"Munoz, Yairo",220,2069,10.6,0.218,0.077,Graphs
393,,"Duggar, Steven",219,3102,7.1,0.233,0.018,Graphs
394,,"Castro, Willi",216,2590,8.3,0.268,-0.003,Graphs
395,,"Torrens, Luis",216,2445,8.8,0.255,-0.038,Graphs
396,,"Davidson, Matt",215,4173,5.2,0.233,-0.01,Graphs
397,,"Knapp, Andrew",215,3314,6.5,0.243,-0.014,Graphs
398,,"Avila, Alex",214,4199,5.1,0.249,-0.07,Graphs
399,,"Gómez, Carlos",213,3397,6.3,0.267,0.008,Graphs
400,,"O'Neill, Tyler",212,3872,5.5,0.321,0.023,Graphs
401,,"Vogt, Stephen",212,3679,5.8,0.224,0,Graphs
402,,"Bohm, Alec",212,2334,9.1,0.252,0.012,Graphs
403,,"Gattis, Evan",210,2832,7.4,0.244,-0.015,Graphs
404,,"Martin, Leonys",210,2913,7.2,0.245,0.035,Graphs
405,,"Guzmán, Ronald",210,3341,6.3,0.212,-0.017,Graphs
406,,"Jackson, Austin",209,2964,7.1,0.282,0.077,Graphs
407,,"Arozarena, Randy",208,2899,7.2,0.257,0.08,Graphs
408,,"Travis, Devon",207,2141,9.7,0.229,-0.045,Graphs
409,,"Jansen, Danny",206,3186,6.5,0.249,-0.05,Graphs
410,,"Hanson, Alen",206,2163,9.5,0.237,0.025,Graphs
411,,"Mahtook, Mikie",205,2736,7.5,0.25,0.004,Graphs
412,,"Pearce, Steve",204,2860,7.1,0.232,0.003,Graphs
413,,"Altherr, Aaron",204,3016,6.8,0.263,-0.023,Graphs
414,,"Davis, Rajai",203,2225,9.1,0.236,0.027,Graphs
415,,"Smith, Pavin",202,2235,9,0.248,0.059,Graphs
416,,"Frazier, Clint",200,3348,6,0.247,0.033,Graphs
417,,"Valaika, Pat",199,3155,6.3,0.227,0.01,Graphs
418,,"Smith Jr., Dwight",199,2210,9,0.218,0.055,Graphs
419,,"Senzel, Nick",197,2300,8.6,0.257,0.017,Graphs
420,,"Pedroia, Dustin",196,1969,10,0.25,-0.008,Graphs
421,,"Gosselin, Phil",194,2413,8,0.246,0.048,Graphs
422,,"Carlson, Dylan",194,3022,6.4,0.252,-0.014,Graphs
423,,"Astudillo, Willians",194,1547,12.5,0.186,0.025,Graphs
424,,"Beaty, Matt",194,2046,9.5,0.234,0.008,Graphs
425,,"Headley, Chase",194,2601,7.5,0.251,0.013,Graphs
426,,"Bonifacio, Jorge",193,3295,5.9,0.25,0.005,Graphs
427,,"Iannetta, Chris",192,3528,5.4,0.213,-0.009,Graphs
428,,"Biggio, Cavan",191,4107,4.7,0.246,-0.025,Graphs
429,,"Mejía, Francisco",190,2359,8.1,0.235,0.04,Graphs
430,,"Hayes, Ke'Bryan",190,1920,9.9,0.254,0.035,Graphs
431,,"Broxton, Keon",190,3240,5.9,0.258,-0.019,Graphs
432,,"Rodgers, Brendan",190,1889,10.1,0.221,0.042,Graphs
433,,"Almonte, Abraham",188,2337,8,0.231,-0.016,Graphs
434,,"Nola, Austin",187,2471,7.6,0.245,-0.003,Graphs
435,,"Hundley, Nick",186,2538,7.3,0.226,-0.03,Graphs
436,,"Daza, Yonathan",185,1594,11.6,0.238,0.047,Graphs
437,,"Duda, Lucas",185,4043,4.6,0.237,-0.059,Graphs
438,,"Chavis, Michael",185,2544,7.3,0.247,0.018,Graphs
439,,"Rickard, Joey",184,2790,6.6,0.212,0.046,Graphs
440,,"Cuthbert, Cheslor",184,2337,7.9,0.23,-0.029,Graphs
441,,"Trevino, Jose",183,1879,9.7,0.186,0.037,Graphs
442,,"Romine, Andrew",182,2119,8.6,0.223,-0.03,Graphs
443,,"Tauchman, Mike",182,2924,6.2,0.228,0.011,Graphs
444,,"Joseph, Caleb",181,2306,7.8,0.22,-0.023,Graphs
445,,"Arroyo, Christian",181,1883,9.6,0.248,0.009,Graphs
446,,"Toro, Abraham",180,2213,8.1,0.243,-0.032,Graphs
447,,"Mountcastle, Ryan",178,2815,6.3,0.254,0.033,Graphs
448,,"India, Jonathan",178,2643,6.7,0.254,0,Graphs
449,,"Phegley, Josh",176,2292,7.7,0.21,-0.015,Graphs
450,,"Luplow, Jordan",176,3128,5.6,0.253,-0.009,Graphs
451,,"McKinney, Billy",176,2850,6.2,0.26,-0.076,Graphs
452,,"Mathis, Jeff",176,2863,6.1,0.19,0.051,Graphs
453,,"Dickerson, Alex",175,2554,6.9,0.272,-0.055,Graphs
454,,"García, Luis",175,1351,13,0.209,-0.015,Graphs
455,,"Escobar, Yunel",175,1357,12.9,0.209,0.048,Graphs
456,,"García, Adolis",174,2614,6.7,0.259,0.034,Graphs
457,,"Aoki, Norichika",174,1460,11.9,0.226,0.017,Graphs
458,,"Hiura, Keston",174,3167,5.5,0.259,0.014,Graphs
459,,"Chisholm Jr., Jazz",174,2303,7.6,0.269,0.016,Graphs
460,,"Wade, Tyler",169,1945,8.7,0.238,0.021,Graphs
461,,"Utley, Chase",167,2153,7.8,0.231,-0.014,Graphs
462,,"Ervin, Phillip",167,2726,6.1,0.23,0.023,Graphs
463,,"Maile, Luke",166,2080,8,0.208,0.018,Graphs
464,,"Murphy, Sean",166,2535,6.5,0.207,-0.014,Graphs
465,,"Herrera, Rosell",165,1610,10.2,0.219,-0.041,Graphs
466,,"Murphy, Tom",165,3009,5.5,0.258,0.039,Graphs
467,,"Beltrán, Carlos",163,1928,8.5,0.223,0.004,Graphs
468,,"Madrigal, Nick",163,1233,13.2,0.213,0.075,Graphs
469,,"Vargas, Ildemaro",163,1406,11.6,0.189,0.001,Graphs
470,,"Asuaje, Carlos",163,2168,7.5,0.233,0.003,Graphs
471,,"Moore, Dylan",162,3426,4.7,0.24,-0.035,Graphs
472,,"Lugo, Dawel",161,1420,11.3,0.21,0.014,Graphs
473,,"Lux, Gavin",160,2068,7.7,0.277,-0.058,Graphs
474,,"Delmonico, Nicky",159,2317,6.9,0.22,0.006,Graphs
475,,"Smith, Will",158,3518,4.5,0.276,-0.048,Graphs
476,,"Machado, Dixon",158,1601,9.9,0.223,-0.01,Graphs
477,,"Valbuena, Luis",158,2939,5.4,0.221,-0.012,Graphs
478,,"Sucre, Jesús",158,1672,9.4,0.202,0.022,Graphs
479,,"Ortega, Rafael",157,2301,6.8,0.259,0.044,Graphs
480,,"Rodríguez, Ronny",154,1833,8.4,0.234,-0.002,Graphs
481,,"Joseph, Tommy",154,2026,7.6,0.234,0,Graphs
482,,"Gutiérrez, Kelvin",153,1531,10,0.238,0.043,Graphs
483,,"Aybar, Erick",152,1361,11.2,0.208,0.007,Graphs
484,,"VanMeter, Josh",152,2725,5.6,0.262,-0.045,Graphs
485,,"Long Jr., Shed",151,1657,9.1,0.212,-0.005,Graphs
486,,"Revere, Ben",150,1122,13.4,0.227,-0.034,Graphs
487,,"Tomlinson, Kelby",149,1419,10.5,0.197,0.043,Graphs
488,,"Quinn, Roman",148,1717,8.6,0.267,0.03,Graphs
489,,"Martin, Richie",148,1630,9.1,0.25,-0.011,Graphs
490,,"Locastro, Tim",148,1925,7.7,0.269,0.026,Graphs
491,,"Hoerner, Nico",148,1471,10.1,0.255,0.056,Graphs
492,,"Stewart, DJ",147,2580,5.7,0.239,-0.032,Graphs
493,,"Nido, Tomás",147,1413,10.4,0.213,-0.028,Graphs
494,,"Phillips, Brett",145,2812,5.2,0.243,0.014,Graphs
495,,"Palka, Daniel",145,2222,6.5,0.246,-0.012,Graphs
496,,"Casali, Curt",143,2895,4.9,0.229,-0.002,Graphs
497,,"White, Tyler",143,2568,5.6,0.224,-0.035,Graphs
498,,"Stephenson, Tyler",143,1666,8.6,0.228,0.024,Graphs
499,,"Stevenson, Andrew",143,1745,8.2,0.253,0.044,Graphs
500,,"Dubón, Mauricio",143,1773,8.1,0.23,0.059,Graphs
501,,"Wilkerson, Stevie",142,1947,7.3,0.193,-0.009,Graphs
502,,"Holliday, Matt",142,2006,7.1,0.243,-0.004,Graphs
503,,"Vaughn, Andrew",141,1809,7.8,0.205,0.015,Graphs
504,,"González, Adrián",141,1585,8.9,0.215,-0.009,Graphs
505,,"Ellsbury, Jacoby",140,1563,9,0.241,0.005,Graphs
506,,"Tucker, Cole",139,1562,8.9,0.24,-0.036,Graphs
507,,"Haseley, Adam",139,1433,9.7,0.214,0.016,Graphs
508,,"Saladino, Tyler",138,1998,6.9,0.252,0.009,Graphs
509,,"Díaz, Isan",137,1987,6.9,0.236,-0.014,Graphs
510,,"Sisco, Chance",137,2529,5.4,0.237,-0.04,Graphs
511,,"Akiyama, Shogo",136,1578,8.6,0.211,-0.041,Graphs
512,,"Barney, Darwin",136,1332,10.2,0.212,0.032,Graphs
513,,"Blanco, Grégor",134,1921,7,0.273,-0.023,Graphs
514,,"Dixon, Brandon",134,2203,6.1,0.26,0.024,Graphs
515,,"Greiner, Grayson",134,1887,7.1,0.245,0.013,Graphs
516,,"Stewart, Christin",133,2333,5.7,0.258,-0.04,Graphs
517,,"Guillorme, Luis",133,1581,8.4,0.215,0.029,Graphs
518,,"Robert Jr., Luis",131,1845,7.1,0.239,0.082,Graphs
519,,"Scherzer, Max",131,983,13.3,0.15,0.03,Graphs
520,,"Fuentes, Joshua",131,1616,8.1,0.244,0.038,Graphs
521,,"Ward, Taylor",130,2050,6.3,0.242,0,Graphs
522,,"McGuire, Reese",130,1445,9,0.196,0.012,Graphs
523,,"Marte, Jefry",128,1401,9.1,0.204,-0.024,Graphs
524,,"Fisher, Derek",127,1877,6.8,0.262,-0.042,Graphs
525,,"Holaday, Bryan",125,1483,8.4,0.183,0.037,Graphs
526,,"Cordero, Franchy",125,1844,6.8,0.266,-0.077,Graphs
527,,"Wynns, Austin",124,1278,9.7,0.207,-0.039,Graphs
528,,"Wade Jr., LaMonte",123,2014,6.1,0.263,0.006,Graphs
529,,"Hernandez, Yadiel",123,1276,9.6,0.218,-0.007,Graphs
530,,"Herrmann, Chris",123,1818,6.8,0.265,-0.06,Graphs
531,,"Gallagher, Cam",121,1610,7.5,0.173,-0.018,Graphs
532,,"Sosa, Edmundo",121,1227,9.9,0.268,-0.001,Graphs
533,,"Evans, Phillip",121,1312,9.2,0.257,0.016,Graphs
534,,"Corbin, Patrick",120,1007,11.9,0.157,0.049,Graphs
535,,"Perez, Michael",119,1828,6.5,0.193,-0.015,Graphs
536,,"Baddoo, Akil",119,1880,6.3,0.225,0.078,Graphs
537,,"Tilson, Charlie",118,1034,11.4,0.195,0.055,Graphs
538,,"Kieboom, Carter",117,1588,7.4,0.204,0.01,Graphs
539,,"Refsnyder, Rob",117,1601,7.3,0.246,-0.041,Graphs
540,,"Suzuki, Ichiro",117,1056,11.1,0.201,0.049,Graphs
541,,"Freeman, Mike",116,1505,7.7,0.22,0.064,Graphs
542,,"Bird, Greg",116,2224,5.2,0.222,-0.084,Graphs
543,,"Mesoraco, Devin",115,1738,6.6,0.2,0,Graphs
544,,"Cespedes, Yoenis",115,2044,5.6,0.292,0.073,Graphs
545,,"Márquez, Germán",115,677,17,0.166,0.034,Graphs
546,,"Butera, Drew",114,1960,5.8,0.192,0.002,Graphs
547,,"Carrera, Ezequiel",114,1329,8.6,0.219,0.065,Graphs
548,,"Giménez, Andrés",113,1321,8.6,0.253,0.024,Graphs
549,,"Ellis, A.J.",113,1434,7.9,0.208,0.051,Graphs
550,,"Guyer, Brandon",113,1635,6.9,0.238,-0.011,Graphs
551,,"Dalbec, Bobby",112,2217,5.1,0.258,-0.008,Graphs
552,,"Hilliard, Sam",112,1870,6,0.243,-0.02,Graphs
553,,"Lewis, Kyle",112,1891,5.9,0.253,0.06,Graphs
554,,"Tulowitzki, Troy",111,1027,10.8,0.247,0.023,Graphs
555,,"Mayfield, Jack",111,1537,7.2,0.206,0.046,Graphs
556,,"Franco, Wander",111,1101,10.1,0.245,0.007,Graphs
557,,"Gentry, Craig",110,1099,10,0.252,0.012,Graphs
558,,"Varsho, Daulton",110,1670,6.6,0.249,0.035,Graphs
559,,"Williamson, Mac",110,1343,8.2,0.218,-0.036,Graphs
560,,"Dean, Austin",109,1399,7.8,0.243,-0.012,Graphs
561,,"Tsutsugo, Yoshi",109,1919,5.7,0.223,0.027,Graphs
562,,"Smith, Seth",109,1580,6.9,0.232,-0.021,Graphs
563,,"Rondón, José",108,1501,7.2,0.231,0.031,Graphs
564,,"Kershaw, Clayton",108,826,13.1,0.15,0.035,Graphs
565,,"Mendick, Danny",107,1392,7.7,0.209,0.055,Graphs
566,,"Martini, Nick",107,1408,7.6,0.231,0.031,Graphs
567,,"Haase, Eric",105,1765,5.9,0.247,-0.047,Graphs
568,,"Lind, Adam",104,1173,8.9,0.241,0.019,Graphs
569,,"Ruf, Darin",104,1796,5.8,0.236,-0.015,Graphs
570,,"Kratz, Erik",104,1116,9.3,0.217,0.035,Graphs
571,,"Travis, Sam",103,1149,9,0.238,0.014,Graphs
572,,"Urías, Ramón",103,1361,7.6,0.244,0.018,Graphs
573,,"Motter, Taylor",102,1391,7.3,0.223,-0.096,Graphs
574,,"Austin, Tyler",102,2105,4.8,0.232,-0.046,Graphs
575,,"Kelenic, Jarred",102,1477,6.9,0.236,-0.099,Graphs
576,,"Flaherty, Ryan",101,949,10.6,0.207,-0.025,Graphs
577,,"Brosseau, Mike",101,1704,5.9,0.279,0.041,Graphs
578,,"Rodríguez, Sean",101,1977,5.1,0.188,0.02,Graphs
579,,"Maxwell, Bruce",100,1349,7.4,0.2,-0.018,Graphs
580,,"Heim, Jonah",100,1283,7.8,0.214,-0.073,Graphs
581,,"Adduci, James",99,1087,9.1,0.268,0.052,Graphs
582,,"Rivera, René",99,1623,6.1,0.24,-0.029,Graphs
583,,"Espinal, Santiago",98,1178,8.3,0.214,0.088,Graphs
584,,"Taylor, Tyrone",98,1250,7.8,0.272,-0.007,Graphs
585,,"Strasburg, Stephen",97,761,12.7,0.155,-0.054,Graphs
586,,"Marrero, Deven",97,1226,7.9,0.218,-0.048,Graphs
587,,"Aquino, Aristides",96,1961,4.9,0.244,-0.015,Graphs
588,,"Thomas, Lane",96,1461,6.6,0.247,-0.039,Graphs
589,,"Hardy, J.J.",96,1035,9.3,0.184,0.005,Graphs
590,,"Reyes, Pablo",96,1212,7.9,0.221,0.029,Graphs
591,,"Taveras, Leody",95,1234,7.7,0.28,-0.065,Graphs
592,,"Knizner, Andrew",95,939,10.1,0.202,-0.013,Graphs
593,,"Young Jr., Eric",95,871,10.9,0.226,0.013,Graphs
594,,"Chisenhall, Lonnie",95,1433,6.6,0.246,0.04,Graphs
595,,"Estrada, Thairo",94,945,9.9,0.238,0.02,Graphs
596,,"Bourjos, Peter",94,1161,8.1,0.235,0.015,Graphs
597,,"deGrom, Jacob",94,852,11,0.192,0.064,Graphs
598,,"Lopes, Tim",94,1132,8.3,0.235,0.02,Graphs
599,,"Presley, Alex",93,1063,8.7,0.273,-0.006,Graphs
600,,"Villanueva, Christian",93,1694,5.5,0.203,0.044,Graphs
601,,"Young, Chris",92,1657,5.6,0.224,-0.037,Graphs
602,,"Chang, Yu",91,1356,6.7,0.239,-0.063,Graphs
603,,"Plouffe, Trevor",91,1306,7,0.231,-0.011,Graphs
604,,"Rupp, Cameron",90,1370,6.6,0.21,0.012,Graphs
605,,"Teheran, Julio",90,626,14.4,0.147,-0.002,Graphs
606,,"Ford, Mike",89,1305,6.8,0.233,-0.098,Graphs
607,,"Schwindel, Frank",89,967,9.2,0.232,0.083,Graphs
608,,"Castillo, Luis",89,682,13,0.144,0.027,Graphs
609,,"Beckham, Gordon",88,1238,7.1,0.195,0.014,Graphs
610,,"Nola, Aaron",88,1021,8.6,0.141,-0.007,Graphs
611,,"Jeffers, Ryan",88,1446,6.1,0.229,0.021,Graphs
612,,"Napoli, Mike",87,2132,4.1,0.247,-0.086,Graphs
613,,"Lester, Jon",86,932,9.2,0.178,-0.014,Graphs
614,,"Maeda, Kenta",86,477,18,0.156,0.03,Graphs
615,,"Szczur, Matt",86,1247,6.9,0.204,0.089,Graphs
616,,"Shuck, JB",84,752,11.2,0.21,0.01,Graphs
617,,"Hernández, Marco",84,795,10.6,0.262,0.051,Graphs
618,,"Hendricks, Kyle",84,837,10,0.134,0.035,Graphs
619,,"Kim, Ha-Seong",84,1183,7.1,0.228,-0.008,Graphs
620,,"Ibáñez, Andy",84,929,9,0.231,0.046,Graphs
621,,"Davies, Zach",83,690,12,0.154,0.035,Graphs
622,,"Rosales, Adam",83,1282,6.5,0.274,-0.018,Graphs
623,,"García, Adonis",83,707,11.7,0.228,-0.011,Graphs
624,,"Williams, Mason",83,873,9.5,0.262,0.034,Graphs
625,,"Córdoba, Allen",83,861,9.6,0.25,-0.009,Graphs
626,,"Williams, Trevor",82,634,12.9,0.142,0.014,Graphs
627,,"Vargas, Kennys",82,1121,7.3,0.201,-0.018,Graphs
628,,"Higashioka, Kyle",82,1580,5.2,0.229,-0.083,Graphs
629,,"Kim, Hyun Soo",81,986,8.2,0.238,-0.016,Graphs
630,,"Swihart, Blake",81,1242,6.5,0.215,0.007,Graphs
631,,"Puello, César",80,765,10.5,0.218,0.038,Graphs
632,,"Kirilloff, Alex",80,835,9.6,0.251,-0.088,Graphs
633,,"Mercedes, Yermín",80,1103,7.3,0.214,0.049,Graphs
634,,"Lobaton, Jose",79,937,8.4,0.187,-0.097,Graphs
635,,"Brown, Seth",79,1572,5,0.214,-0.062,Graphs
636,,"Sanchez, Adrián",79,728,10.9,0.217,0.121,Graphs
637,,"Sánchez, Jesús",78,1114,7,0.251,-0.033,Graphs
638,,"Roark, Tanner",78,537,14.5,0.157,0.012,Graphs
639,,"Murphy, John Ryan",78,1450,5.4,0.211,-0.008,Graphs
640,,"Rivera, Yadiel",78,942,8.3,0.23,0.014,Graphs
641,,"Adell, Jo",77,1116,6.9,0.241,0.048,Graphs
642,,"Mahle, Tyler",77,535,14.4,0.163,-0.048,Graphs
643,,"Starling, Bubba",77,943,8.2,0.23,-0.006,Graphs
644,,"Alcántara, Sergio",77,1143,6.7,0.237,-0.026,Graphs
645,,"Miller, Owen",77,750,10.3,0.241,-0.033,Graphs
646,,"Moss, Brandon",77,1648,4.7,0.246,-0.168,Graphs
647,,"LaMarre, Ryan",76,973,7.8,0.256,0.073,Graphs
648,,"Rua, Ryan",76,1153,6.6,0.254,0.034,Graphs
649,,"Wheeler, Zack",76,783,9.7,0.148,0.008,Graphs
650,,"Olivares, Edward",75,862,8.7,0.222,-0.006,Graphs
651,,"Valera, Breyvic",75,938,8,0.235,0.057,Graphs
652,,"Wisdom, Patrick",75,1992,3.8,0.297,-0.04,Graphs
653,,"Urena, Richard",74,998,7.4,0.269,0.04,Graphs
654,,"Greinke, Zack",74,705,10.5,0.197,0.033,Graphs
655,,"Viloria, Meibrys",74,796,9.3,0.184,0.094,Graphs
656,,"Gordon, Nick",74,781,9.5,0.292,0.019,Graphs
657,,"Chacín, Jhoulys",74,584,12.7,0.169,0.077,Graphs
658,,"Werth, Jayson",74,1302,5.7,0.233,0.024,Graphs
659,,"Saunders, Michael",74,985,7.5,0.216,-0.067,Graphs
660,,"Wainwright, Adam",73,679,10.8,0.153,0.025,Graphs
661,,"White, Evan",73,1237,5.9,0.271,-0.066,Graphs
662,,"Garneau, Dustin",73,1400,5.2,0.217,-0.046,Graphs
663,,"Espinosa, Danny",72,1104,6.5,0.271,-0.003,Graphs
664,,"De La Cruz, Bryan",72,871,8.3,0.308,0.081,Graphs
665,,"Bradley, Bobby",72,1280,5.6,0.219,-0.08,Graphs
666,,"Larnach, Trevor",72,1211,5.9,0.239,-0.017,Graphs
667,,"Cordell, Ryan",72,1165,6.2,0.265,0.038,Graphs
668,,"Davis, Jonathan",71,1059,6.7,0.225,-0.082,Graphs
669,,"Quintana, José",71,530,13.4,0.118,0.002,Graphs
670,,"Gimenez, Chris",71,1219,5.8,0.205,-0.031,Graphs
671,,"Kirk, Alejandro",71,833,8.5,0.225,-0.014,Graphs
672,,"Fraley, Jake",70,1443,4.9,0.231,-0.072,Graphs
673,,"Fowler, Dustin",69,942,7.3,0.3,-0.068,Graphs
674,,"Pennington, Cliff",68,1043,6.5,0.253,0.046,Graphs
675,,"Blandino, Alex",67,1174,5.7,0.189,0.042,Graphs
676,,"Ray, Robbie",67,618,10.8,0.15,0.023,Graphs
677,,"Rivera, T.J.",67,780,8.6,0.219,0.008,Graphs
678,,"Buehler, Walker",67,828,8.1,0.198,0.043,Graphs
679,,"Velasquez, Vince",67,473,14.2,0.191,0.054,Graphs
680,,"Lin, Tzu-Wei",67,887,7.6,0.231,0.019,Graphs
681,,"McCormick, Chas",66,1283,5.1,0.289,0.014,Graphs
682,,"Senzatela, Antonio",66,537,12.3,0.119,-0.038,Graphs
683,,"Marsh, Brandon",66,1073,6.2,0.29,-0.013,Graphs
684,,"Jaso, John",66,1298,5.1,0.228,-0.122,Graphs
685,,"Fried, Max",66,573,11.5,0.19,0.018,Graphs
686,,"Martin, Jason",66,832,7.9,0.238,-0.038,Graphs
687,,"Cowart, Kaleb",66,1016,6.5,0.2,-0.044,Graphs
688,,"White, Eli",65,1105,5.9,0.228,0.018,Graphs
689,,"Wallach, Chad",65,955,6.8,0.18,0.122,Graphs
690,,"Gray, Jon",65,798,8.1,0.165,-0.049,Graphs
691,,"Nava, Daniel",64,859,7.5,0.241,-0.007,Graphs
692,,"Wilson, Bobby",64,816,7.8,0.14,-0.009,Graphs
693,,"Montero, Miguel",64,889,7.2,0.178,0.01,Graphs
694,,"Freeland, Kyle",63,695,9.1,0.199,0.056,Graphs
695,,"Musgrove, Joe",62,514,12.1,0.184,0.077,Graphs
696,,"Amarista, Alexi",62,698,8.9,0.21,-0.013,Graphs
697,,"Hill, Rich",62,461,13.4,0.136,0.025,Graphs
698,,"Field, Johnny",62,911,6.8,0.196,-0.016,Graphs
699,,"Flaherty, Jack",61,586,10.4,0.139,0.039,Graphs
700,,"Gray, Sonny",61,348,17.5,0.157,0.051,Graphs
701,,"Paredes, Isaac",61,827,7.4,0.221,0.041,Graphs
702,,"Wood, Alex",61,623,9.8,0.107,-0.062,Graphs
703,,"Collins, Zack",61,1472,4.1,0.253,-0.003,Graphs
704,,"Hernandez, Yonny",60,681,8.8,0.197,-0.061,Graphs
705,,"Mateo, Jorge",60,935,6.4,0.274,-0.033,Graphs
706,,"Parker, Jarrett",60,809,7.4,0.243,0.04,Graphs
707,,"Martinez, Carlos",60,462,13,0.148,0.025,Graphs
708,,"Cuevas, Noel",60,516,11.6,0.203,0.064,Graphs
709,,"Telis, Tomás",59,558,10.6,0.193,0.027,Graphs
710,,"Kivlehan, Patrick",59,898,6.6,0.23,0.024,Graphs
711,,"Orlando, Paulo",59,643,9.2,0.289,-0.103,Graphs
712,,"Taillon, Jameson",59,400,14.8,0.115,-0.006,Graphs
713,,"Bandy, Jett",58,1019,5.7,0.218,-0.011,Graphs
714,,"Tomás, Yasmany",58,687,8.4,0.227,-0.003,Graphs
715,,"Cueto, Johnny",58,321,18.1,0.129,-0.046,Graphs
716,,"Tucker, Preston",57,716,8,0.246,-0.035,Graphs
717,,"Stewart, Chris",57,633,9,0.164,-0.09,Graphs
718,,"Peña, Francisco",56,565,9.9,0.194,0.056,Graphs
719,,"Wacha, Michael",56,508,11,0.173,0.052,Graphs
720,,"Peters, DJ",56,902,6.2,0.265,-0.051,Graphs
721,,"Robertson, Daniel",56,315,17.8,0.194,-0.012,Graphs
722,,"Sheets, Gavin",56,809,6.9,0.218,-0.057,Graphs
723,,"Velazquez, Andrew",55,743,7.4,0.228,0.066,Graphs
724,,"Powell, Boog",55,679,8.1,0.27,0.063,Graphs
725,,"Barreto, Franklin",55,935,5.9,0.274,-0.001,Graphs
726,,"Alford, Anthony",55,919,6,0.23,0.115,Graphs
727,,"DeSclafani, Anthony",55,570,9.6,0.159,0.008,Graphs
728,,"Contreras, William",54,744,7.3,0.237,-0.052,Graphs
729,,"Marmolejos, José",54,982,5.5,0.224,-0.076,Graphs
730,,"Matz, Steven",54,506,10.7,0.181,-0.018,Graphs
731,,"Toles, Andrew",54,483,11.2,0.23,-0.008,Graphs
732,,"Joe, Connor",54,880,6.1,0.23,0.011,Graphs
733,,"Darvish, Yu",53,587,9,0.173,-0.04,Graphs
734,,"Anderson, Chase",53,582,9.1,0.164,0.007,Graphs
735,,"Kuhl, Chad",53,371,14.3,0.138,-0.019,Graphs
736,,"Heineman, Scott",52,686,7.6,0.212,-0.02,Graphs
737,,"Samardzija, Jeff",52,455,11.4,0.158,-0.015,Graphs
738,,"Robinson, Drew",52,1146,4.5,0.199,0.013,Graphs
739,,"Brugman, Jaycob",51,658,7.8,0.208,0.125,Graphs
740,,"Arteaga, Humberto",51,544,9.4,0.19,-0.044,Graphs
741,,"Blanco, Andrés",51,553,9.2,0.211,-0.035,Graphs
742,,"Brault, Steven",51,300,17,0.166,0.072,Graphs
743,,"Ryu, Hyun Jin",51,558,9.1,0.279,0.024,Graphs
744,,"McKinstry, Zach",51,741,6.9,0.25,-0.05,Graphs
745,,"Nuñez, Dom",51,1328,3.8,0.221,-0.064,Graphs
746,,"Reynolds, Matt",51,628,8.1,0.281,0.059,Graphs
747,,"Garcia, Aramis",51,803,6.4,0.216,0.049,Graphs
748,,"Eflin, Zach",50,551,9.1,0.162,0.038,Graphs
749,,"Walls, Taylor",50,745,6.7,0.255,-0.051,Graphs
750,,"Moroff, Max",50,1093,4.6,0.198,-0.094,Graphs
751,,"Moore, Tyler",50,771,6.5,0.245,-0.021,Graphs
